{"cameraMode":{"drawMode":0,"name":"Shaded","section":"Shading Mode"},"sceneLighting":false,"audioPlay":false,"sceneViewState":{"m_AlwaysRefresh":false,"showFog":true,"showSkybox":false,"showFlares":true,"showImageEffects":true,"showParticleSystems":true,"showVisualEffectGraphs":true,"m_FxEnabled":true},"in2DMode":false,"pivot":{"x":-0.01899123191833496,"y":-2.256992816925049,"z":-0.2995494604110718},"rotation":{"x":-0.05577671155333519,"y":0.012577204033732415,"z":-0.0007014002185314894,"w":-0.9983576536178589},"size":2.3339977264404299,"orthographic":false}