{"cameraMode":{"drawMode":0,"name":"Shaded","section":"Shading Mode"},"sceneLighting":false,"audioPlay":false,"sceneViewState":{"m_AlwaysRefresh":false,"showFog":true,"showSkybox":false,"showFlares":true,"showImageEffects":true,"showParticleSystems":true,"showVisualEffectGraphs":true,"m_FxEnabled":true},"in2DMode":false,"pivot":{"x":0.49823102355003359,"y":3.5662999153137209,"z":4.959902763366699},"rotation":{"x":-0.043795958161354068,"y":-0.00539748789742589,"z":0.00023692061949986964,"w":-0.9990218877792358},"size":6.781871795654297,"orthographic":false}