{"cameraMode":{"drawMode":0,"name":"Shaded","section":"Shading Mode"},"sceneLighting":false,"audioPlay":false,"sceneViewState":{"m_AlwaysRefresh":false,"showFog":true,"showSkybox":false,"showFlares":true,"showImageEffects":true,"showParticleSystems":true,"showVisualEffectGraphs":true,"m_FxEnabled":true},"in2DMode":false,"pivot":{"x":0.3469524383544922,"y":1.1653141975402833,"z":0.2544898986816406},"rotation":{"x":-0.01380941178649664,"y":-0.00990154966711998,"z":0.00013846436922904104,"w":-0.9998515248298645},"size":13.616546630859375,"orthographic":false}